DEL,NRM,M,CSL,UNI,l
DEL,NRM,M,CSL,DUP,ll
DEL,NRM,M,CSL,DCT,tļ
DEL,NRM,M,CSL,AGG,ļ
DEL,NRM,M,CSL,SEG,ļļ
DEL,NRM,M,CSL,CPN,řļ
DEL,NRM,M,CSL,COH,sk
DEL,NRM,M,CSL,CST,šk
DEL,NRM,M,CSL,MLT,kţ
DEL,NRM,M,ASO,UNI,r
DEL,NRM,M,ASO,DUP,rr
DEL,NRM,M,ASO,DCT,lļ
DEL,NRM,M,ASO,AGG,rl
DEL,NRM,M,ASO,SEG,rļ
DEL,NRM,M,ASO,CPN,řl
DEL,NRM,M,ASO,COH,st
DEL,NRM,M,ASO,CST,št
DEL,NRM,M,ASO,MLT,kç
DEL,NRM,M,VAR,UNI,m
DEL,NRM,M,VAR,DUP,mm
DEL,NRM,M,VAR,DCT,lm
DEL,NRM,M,VAR,AGG,rm
DEL,NRM,M,VAR,SEG,mļ
DEL,NRM,M,VAR,CPN,řm
DEL,NRM,M,VAR,COH,sp
DEL,NRM,M,VAR,CST,šp
DEL,NRM,M,VAR,MLT,pţ
DEL,NRM,M,COA,UNI,n
DEL,NRM,M,COA,DUP,nn
DEL,NRM,M,COA,DCT,ln
DEL,NRM,M,COA,AGG,rn
DEL,NRM,M,COA,SEG,nļ
DEL,NRM,M,COA,CPN,řn
DEL,NRM,M,COA,COH,sq
DEL,NRM,M,COA,CST,šq
DEL,NRM,M,COA,MLT,qţ
DEL,NRM,U,CSL,UNI,t
DEL,NRM,U,CSL,DUP,ļt
DEL,NRM,U,CSL,DCT,lt
DEL,NRM,U,CSL,AGG,rt
DEL,NRM,U,CSL,SEG,nt
DEL,NRM,U,CSL,CPN,řt
DEL,NRM,U,CSL,COH,ňt
DEL,NRM,U,CSL,CST,ňd
DEL,NRM,U,CSL,MLT,çt
DEL,NRM,U,ASO,UNI,k
DEL,NRM,U,ASO,DUP,ļk
DEL,NRM,U,ASO,DCT,lk
DEL,NRM,U,ASO,AGG,rk
DEL,NRM,U,ASO,SEG,ňk
DEL,NRM,U,ASO,CPN,řk
DEL,NRM,U,ASO,COH,kt
DEL,NRM,U,ASO,CST,xt
DEL,NRM,U,ASO,MLT,çk
DEL,NRM,U,VAR,UNI,p
DEL,NRM,U,VAR,DUP,ļp
DEL,NRM,U,VAR,DCT,lp
DEL,NRM,U,VAR,AGG,rp
DEL,NRM,U,VAR,SEG,mp
DEL,NRM,U,VAR,CPN,řp
DEL,NRM,U,VAR,COH,pt
DEL,NRM,U,VAR,CST,ft
DEL,NRM,U,VAR,MLT,çp
DEL,NRM,U,COA,UNI,q
DEL,NRM,U,COA,DUP,ļq
DEL,NRM,U,COA,DCT,lq
DEL,NRM,U,COA,AGG,rq
DEL,NRM,U,COA,SEG,ňq
DEL,NRM,U,COA,CPN,řq
DEL,NRM,U,COA,COH,qt
DEL,NRM,U,COA,CST,xht
DEL,NRM,U,COA,MLT,çq
DEL,NRM,N,CSL,UNI,ţ
DEL,NRM,N,CSL,DUP,ţţ
DEL,NRM,N,CSL,DCT,lţ
DEL,NRM,N,CSL,AGG,rţ
DEL,NRM,N,CSL,SEG,nţ
DEL,NRM,N,CSL,CPN,řţ
DEL,NRM,N,CSL,COH,sţ
DEL,NRM,N,CSL,CST,šţ
DEL,NRM,N,CSL,MLT,tf
DEL,NRM,N,ASO,UNI,x
DEL,NRM,N,ASO,DUP,xx
DEL,NRM,N,ASO,DCT,lx
DEL,NRM,N,ASO,AGG,rx
DEL,NRM,N,ASO,SEG,ňx
DEL,NRM,N,ASO,CPN,mx
DEL,NRM,N,ASO,COH,sx
DEL,NRM,N,ASO,CST,šx
DEL,NRM,N,ASO,MLT,kf
DEL,NRM,N,VAR,UNI,f
DEL,NRM,N,VAR,DUP,ff
DEL,NRM,N,VAR,DCT,lf
DEL,NRM,N,VAR,AGG,rf
DEL,NRM,N,VAR,SEG,mf
DEL,NRM,N,VAR,CPN,řf
DEL,NRM,N,VAR,COH,sf
DEL,NRM,N,VAR,CST,šf
DEL,NRM,N,VAR,MLT,pf
DEL,NRM,N,COA,UNI,xh
DEL,NRM,N,COA,DUP,xxh
DEL,NRM,N,COA,DCT,lxh
DEL,NRM,N,COA,AGG,rxh
DEL,NRM,N,COA,SEG,ňxh
DEL,NRM,N,COA,CPN,mxh
DEL,NRM,N,COA,COH,sxh
DEL,NRM,N,COA,CST,šxh
DEL,NRM,N,COA,MLT,qf
DEL,NRM,A,CSL,UNI,c
DEL,NRM,A,CSL,DUP,cc
DEL,NRM,A,CSL,DCT,lc
DEL,NRM,A,CSL,AGG,rc
DEL,NRM,A,CSL,SEG,ns
DEL,NRM,A,CSL,CPN,řc
DEL,NRM,A,CSL,COH,sc
DEL,NRM,A,CSL,CST,fk
DEL,NRM,A,CSL,MLT,fq
DEL,NRM,A,ASO,UNI,č
DEL,NRM,A,ASO,DUP,čč
DEL,NRM,A,ASO,DCT,lč
DEL,NRM,A,ASO,AGG,rč
DEL,NRM,A,ASO,SEG,nš
DEL,NRM,A,ASO,CPN,řč
DEL,NRM,A,ASO,COH,šč
DEL,NRM,A,ASO,CST,ţk
DEL,NRM,A,ASO,MLT,ţq
DEL,NRM,A,VAR,UNI,ż
DEL,NRM,A,VAR,DUP,żż
DEL,NRM,A,VAR,DCT,lż
DEL,NRM,A,VAR,AGG,rż
DEL,NRM,A,VAR,SEG,nz
DEL,NRM,A,VAR,CPN,řż
DEL,NRM,A,VAR,COH,ţf
DEL,NRM,A,VAR,CST,ţs
DEL,NRM,A,VAR,MLT,ţc
DEL,NRM,A,COA,UNI,j
DEL,NRM,A,COA,DUP,jj
DEL,NRM,A,COA,DCT,lj
DEL,NRM,A,COA,AGG,rj
DEL,NRM,A,COA,SEG,nž
DEL,NRM,A,COA,CPN,řj
DEL,NRM,A,COA,COH,fţ
DEL,NRM,A,COA,CST,ţš
DEL,NRM,A,COA,MLT,ţč
PRX,NRM,M,CSL,UNI,s
PRX,NRM,M,CSL,DUP,ss
PRX,NRM,M,CSL,DCT,ls
PRX,NRM,M,CSL,AGG,rs
PRX,NRM,M,CSL,SEG,fs
PRX,NRM,M,CSL,CPN,řs
PRX,NRM,M,CSL,COH,ňs
PRX,NRM,M,CSL,CST,ms
PRX,NRM,M,CSL,MLT,mss
PRX,NRM,M,ASO,UNI,š
PRX,NRM,M,ASO,DUP,šš
PRX,NRM,M,ASO,DCT,lš
PRX,NRM,M,ASO,AGG,rš
PRX,NRM,M,ASO,SEG,fš
PRX,NRM,M,ASO,CPN,řš
PRX,NRM,M,ASO,COH,ňš
PRX,NRM,M,ASO,CST,mš
PRX,NRM,M,ASO,MLT,mšš
PRX,NRM,M,VAR,UNI,z
PRX,NRM,M,VAR,DUP,zz
PRX,NRM,M,VAR,DCT,lz
PRX,NRM,M,VAR,AGG,rz
PRX,NRM,M,VAR,SEG,vz
PRX,NRM,M,VAR,CPN,řz
PRX,NRM,M,VAR,COH,ňz
PRX,NRM,M,VAR,CST,mz
PRX,NRM,M,VAR,MLT,mzz
PRX,NRM,M,COA,UNI,ž
PRX,NRM,M,COA,DUP,žž
PRX,NRM,M,COA,DCT,lž
PRX,NRM,M,COA,AGG,rž
PRX,NRM,M,COA,SEG,vž
PRX,NRM,M,COA,CPN,řž
PRX,NRM,M,COA,COH,ňž
PRX,NRM,M,COA,CST,mž
PRX,NRM,M,COA,MLT,mžž
PRX,NRM,U,CSL,UNI,d
PRX,NRM,U,CSL,DUP,dv
PRX,NRM,U,CSL,DCT,ld
PRX,NRM,U,CSL,AGG,rd
PRX,NRM,U,CSL,SEG,nd
PRX,NRM,U,CSL,CPN,řd
PRX,NRM,U,CSL,COH,md
PRX,NRM,U,CSL,CST,zd
PRX,NRM,U,CSL,MLT,žd
PRX,NRM,U,ASO,UNI,g
PRX,NRM,U,ASO,DUP,gv
PRX,NRM,U,ASO,DCT,lg
PRX,NRM,U,ASO,AGG,rg
PRX,NRM,U,ASO,SEG,ňg
PRX,NRM,U,ASO,CPN,řg
PRX,NRM,U,ASO,COH,ňkf
PRX,NRM,U,ASO,CST,zg
PRX,NRM,U,ASO,MLT,žg
PRX,NRM,U,VAR,UNI,b
PRX,NRM,U,VAR,DUP,bv
PRX,NRM,U,VAR,DCT,lb
PRX,NRM,U,VAR,AGG,rb
PRX,NRM,U,VAR,SEG,mb
PRX,NRM,U,VAR,CPN,řb
PRX,NRM,U,VAR,COH,ntf
PRX,NRM,U,VAR,CST,zb
PRX,NRM,U,VAR,MLT,žb
PRX,NRM,U,COA,UNI,ň
PRX,NRM,U,COA,DUP,ňň
PRX,NRM,U,COA,DCT,ňç
PRX,NRM,U,COA,AGG,rň
PRX,NRM,U,COA,SEG,ňv
PRX,NRM,U,COA,CPN,řň
PRX,NRM,U,COA,COH,ňf
PRX,NRM,U,COA,CST,řtf
PRX,NRM,U,COA,MLT,řkf
PRX,NRM,N,CSL,UNI,dh
PRX,NRM,N,CSL,DUP,ddh
PRX,NRM,N,CSL,DCT,ldh
PRX,NRM,N,CSL,AGG,rdh
PRX,NRM,N,CSL,SEG,ndh
PRX,NRM,N,CSL,CPN,řdh
PRX,NRM,N,CSL,COH,mdh
PRX,NRM,N,CSL,CST,ţx
PRX,NRM,N,CSL,MLT,ţxh
PRX,NRM,N,ASO,UNI,ç
PRX,NRM,N,ASO,DUP,çç
PRX,NRM,N,ASO,DCT,lç
PRX,NRM,N,ASO,AGG,rç
PRX,NRM,N,ASO,SEG,nç
PRX,NRM,N,ASO,CPN,řç
PRX,NRM,N,ASO,COH,mç
PRX,NRM,N,ASO,CST,fx
PRX,NRM,N,ASO,MLT,fxh
PRX,NRM,N,VAR,UNI,v
PRX,NRM,N,VAR,DUP,vv
PRX,NRM,N,VAR,DCT,lv
PRX,NRM,N,VAR,AGG,rv
PRX,NRM,N,VAR,SEG,mv
PRX,NRM,N,VAR,CPN,řv
PRX,NRM,N,VAR,COH,ndv
PRX,NRM,N,VAR,CST,xf
PRX,NRM,N,VAR,MLT,xţ
PRX,NRM,N,COA,UNI,ř
PRX,NRM,N,COA,DUP,řř
PRX,NRM,N,COA,DCT,rbv
PRX,NRM,N,COA,AGG,rdv
PRX,NRM,N,COA,SEG,rgv
PRX,NRM,N,COA,CPN,řxh
PRX,NRM,N,COA,COH,mţ
PRX,NRM,N,COA,CST,xhf
PRX,NRM,N,COA,MLT,xhţ
PRX,NRM,A,CSL,UNI,ck
PRX,NRM,A,CSL,DUP,čk
PRX,NRM,A,CSL,DCT,ps
PRX,NRM,A,CSL,AGG,ks
PRX,NRM,A,CSL,SEG,gd
PRX,NRM,A,CSL,CPN,psk
PRX,NRM,A,CSL,COH,pšk
PRX,NRM,A,CSL,CST,ksk
PRX,NRM,A,CSL,MLT,kšk
PRX,NRM,A,ASO,UNI,ct
PRX,NRM,A,ASO,DUP,čt
PRX,NRM,A,ASO,DCT,pš
PRX,NRM,A,ASO,AGG,kš
PRX,NRM,A,ASO,SEG,bd
PRX,NRM,A,ASO,CPN,pst
PRX,NRM,A,ASO,COH,pšt
PRX,NRM,A,ASO,CST,tx
PRX,NRM,A,ASO,MLT,txh
PRX,NRM,A,VAR,UNI,cp
PRX,NRM,A,VAR,DUP,čp
PRX,NRM,A,VAR,DCT,bz
PRX,NRM,A,VAR,AGG,gz
PRX,NRM,A,VAR,SEG,pç
PRX,NRM,A,VAR,CPN,ksp
PRX,NRM,A,VAR,COH,kšp
PRX,NRM,A,VAR,CST,px
PRX,NRM,A,VAR,MLT,pxh
PRX,NRM,A,COA,UNI,cq
PRX,NRM,A,COA,DUP,čq
PRX,NRM,A,COA,DCT,bž
PRX,NRM,A,COA,AGG,gž
PRX,NRM,A,COA,SEG,řqf
PRX,NRM,A,COA,CPN,kst
PRX,NRM,A,COA,COH,kšt
PRX,NRM,A,COA,CST,psq
PRX,NRM,A,COA,MLT,pšq
ICP,NRM,M,CSL,UNI,mt
ICP,NRM,M,CSL,DUP,mt’
ICP,NRM,M,CSL,DCT,skʰ
ICP,NRM,M,CSL,AGG,sk’
ICP,NRM,M,CSL,SEG,mtʰ
ICP,NRM,M,CSL,CPN,pst’
ICP,NRM,M,CSL,COH,pstʰ
ICP,NRM,M,CSL,CST,pšt’
ICP,NRM,M,CSL,MLT,pštʰ
ICP,NRM,M,ASO,UNI,mk
ICP,NRM,M,ASO,DUP,mk’
ICP,NRM,M,ASO,DCT,stʰ
ICP,NRM,M,ASO,AGG,st’
ICP,NRM,M,ASO,SEG,mkʰ
ICP,NRM,M,ASO,CPN,kst’
ICP,NRM,M,ASO,COH,kstʰ
ICP,NRM,M,ASO,CST,kšt’
ICP,NRM,M,ASO,MLT,kštʰ
ICP,NRM,M,VAR,UNI,ňp
ICP,NRM,M,VAR,DUP,ňp’
ICP,NRM,M,VAR,DCT,spʰ
ICP,NRM,M,VAR,AGG,sp’
ICP,NRM,M,VAR,SEG,ňpʰ
ICP,NRM,M,VAR,CPN,psk’
ICP,NRM,M,VAR,COH,pskʰ
ICP,NRM,M,VAR,CST,pšk’
ICP,NRM,M,VAR,MLT,pškʰ
ICP,NRM,M,COA,UNI,mq
ICP,NRM,M,COA,DUP,mq’
ICP,NRM,M,COA,DCT,sqʰ
ICP,NRM,M,COA,AGG,sq’
ICP,NRM,M,COA,SEG,mqʰ
ICP,NRM,M,COA,CPN,ksp’
ICP,NRM,M,COA,COH,kspʰ
ICP,NRM,M,COA,CST,kšp’
ICP,NRM,M,COA,MLT,kšpʰ
ICP,NRM,U,CSL,UNI,pk
ICP,NRM,U,CSL,DUP,pk’
ICP,NRM,U,CSL,DCT,škʰ
ICP,NRM,U,CSL,AGG,šk’
ICP,NRM,U,CSL,SEG,pkʰ
ICP,NRM,U,CSL,CPN,fk’
ICP,NRM,U,CSL,COH,fkʰ
ICP,NRM,U,CSL,CST,psq’
ICP,NRM,U,CSL,MLT,psqʰ
ICP,NRM,U,ASO,UNI,tk
ICP,NRM,U,ASO,DUP,tk’
ICP,NRM,U,ASO,DCT,štʰ
ICP,NRM,U,ASO,AGG,št’
ICP,NRM,U,ASO,SEG,tkʰ
ICP,NRM,U,ASO,CPN,ţk’
ICP,NRM,U,ASO,COH,ţkʰ
ICP,NRM,U,ASO,CST,ksk’
ICP,NRM,U,ASO,MLT,kskʰ
ICP,NRM,U,VAR,UNI,tp
ICP,NRM,U,VAR,DUP,tp’
ICP,NRM,U,VAR,DCT,špʰ
ICP,NRM,U,VAR,AGG,šp’
ICP,NRM,U,VAR,SEG,tpʰ
ICP,NRM,U,VAR,CPN,ţp’
ICP,NRM,U,VAR,COH,ţpʰ
ICP,NRM,U,VAR,CST,pšq’
ICP,NRM,U,VAR,MLT,pšqʰ
ICP,NRM,U,COA,UNI,kp
ICP,NRM,U,COA,DUP,kp’
ICP,NRM,U,COA,DCT,šqʰ
ICP,NRM,U,COA,AGG,šq’
ICP,NRM,U,COA,SEG,kpʰ
ICP,NRM,U,COA,CPN,xp’
ICP,NRM,U,COA,COH,xpʰ
ICP,NRM,U,COA,CST,kšk’
ICP,NRM,U,COA,MLT,kškʰ
ICP,NRM,N,CSL,UNI,pq
ICP,NRM,N,CSL,DUP,pq’
ICP,NRM,N,CSL,DCT,fg
ICP,NRM,N,CSL,AGG,bg
ICP,NRM,N,CSL,SEG,pqʰ
ICP,NRM,N,CSL,CPN,vg
ICP,NRM,N,CSL,COH,fp
ICP,NRM,N,CSL,CST,fq’
ICP,NRM,N,CSL,MLT,fqʰ
ICP,NRM,N,ASO,UNI,tq
ICP,NRM,N,ASO,DUP,tq’
ICP,NRM,N,ASO,DCT,ţg
ICP,NRM,N,ASO,AGG,dg
ICP,NRM,N,ASO,SEG,tqʰ
ICP,NRM,N,ASO,CPN,dhg
ICP,NRM,N,ASO,COH,vd
ICP,NRM,N,ASO,CST,ţq’
ICP,NRM,N,ASO,MLT,ţqʰ
ICP,NRM,N,VAR,UNI,qp
ICP,NRM,N,VAR,DUP,qp’
ICP,NRM,N,VAR,DCT,xhp
ICP,NRM,N,VAR,AGG,xp
ICP,NRM,N,VAR,SEG,scʰ
ICP,NRM,N,VAR,CPN,sc’
ICP,NRM,N,VAR,COH,ňqf
ICP,NRM,N,VAR,CST,gb
ICP,NRM,N,VAR,MLT,kkç
ICP,NRM,N,VAR,MLT,kçç
ICP,NRM,N,COA,UNI,pļ
ICP,NRM,N,COA,DUP,tç
ICP,NRM,N,COA,DCT,xhp’
ICP,NRM,N,COA,AGG,ţp
ICP,NRM,N,COA,SEG,ščʰ
ICP,NRM,N,COA,CPN,šč’
ICP,NRM,N,COA,COH,vb
ICP,NRM,N,COA,CST,dhz
ICP,NRM,N,COA,MLT,ppç
ICP,NRM,N,COA,MLT,pçç
ICP,NRM,A,CSL,UNI,fst
ICP,NRM,A,CSL,DUP,fc’
ICP,NRM,A,CSL,DCT,fc
ICP,NRM,A,CSL,AGG,lfs
ICP,NRM,A,CSL,SEG,xc’
ICP,NRM,A,CSL,CPN,ţc’
ICP,NRM,A,CSL,COH,ltf
ICP,NRM,A,CSL,CST,fst’
ICP,NRM,A,CSL,MLT,fstʰ
ICP,NRM,A,ASO,UNI,fšt
ICP,NRM,A,ASO,DUP,fč’
ICP,NRM,A,ASO,DCT,fč
ICP,NRM,A,ASO,AGG,lfš
ICP,NRM,A,ASO,SEG,xč’
ICP,NRM,A,ASO,CPN,ţč’
ICP,NRM,A,ASO,COH,lkf
ICP,NRM,A,ASO,CST,fšt’
ICP,NRM,A,ASO,MLT,fštʰ
ICP,NRM,A,VAR,UNI,fsk
ICP,NRM,A,VAR,DUP,fcʰ
ICP,NRM,A,VAR,DCT,rfs
ICP,NRM,A,VAR,AGG,fsq
ICP,NRM,A,VAR,SEG,xcʰ
ICP,NRM,A,VAR,CPN,ţcʰ
ICP,NRM,A,VAR,COH,xhpʰ
ICP,NRM,A,VAR,CST,fsk’
ICP,NRM,A,VAR,MLT,fskʰ
ICP,NRM,A,COA,UNI,fšk
ICP,NRM,A,COA,DUP,fčʰ
ICP,NRM,A,COA,DCT,rfš
ICP,NRM,A,COA,AGG,fšq
ICP,NRM,A,COA,SEG,xčʰ
ICP,NRM,A,COA,CPN,ţčʰ
ICP,NRM,A,COA,COH,qpʰ
ICP,NRM,A,COA,CST,fšk’
ICP,NRM,A,COA,MLT,fškʰ
TRM,NRM,M,CSL,UNI,t’
TRM,NRM,M,CSL,DUP,ļt’
TRM,NRM,M,CSL,DCT,lt’
TRM,NRM,M,CSL,AGG,rt’
TRM,NRM,M,CSL,SEG,nt’
TRM,NRM,M,CSL,CPN,řt’
TRM,NRM,M,CSL,COH,ţsk’
TRM,NRM,M,CSL,CST,kt’
TRM,NRM,M,CSL,MLT,ňt’
TRM,NRM,M,ASO,UNI,k’
TRM,NRM,M,ASO,DUP,ļk’
TRM,NRM,M,ASO,DCT,lk’
TRM,NRM,M,ASO,AGG,rk’
TRM,NRM,M,ASO,SEG,ňk’
TRM,NRM,M,ASO,CPN,řk’
TRM,NRM,M,ASO,COH,ţšk’
TRM,NRM,M,ASO,CST,ft’
TRM,NRM,M,ASO,MLT,xt’
TRM,NRM,M,VAR,UNI,p’
TRM,NRM,M,VAR,DUP,ļp’
TRM,NRM,M,VAR,DCT,lp’
TRM,NRM,M,VAR,AGG,rp’
TRM,NRM,M,VAR,SEG,mp’
TRM,NRM,M,VAR,CPN,řp’
TRM,NRM,M,VAR,COH,fsq’
TRM,NRM,M,VAR,CST,pt’
TRM,NRM,M,VAR,MLT,fp’
TRM,NRM,M,COA,UNI,q’
TRM,NRM,M,COA,DUP,ļq’
TRM,NRM,M,COA,DCT,lq’
TRM,NRM,M,COA,AGG,rq’
TRM,NRM,M,COA,SEG,ňq’
TRM,NRM,M,COA,CPN,řq’
TRM,NRM,M,COA,COH,fšq’
TRM,NRM,M,COA,CST,xht’
TRM,NRM,M,COA,MLT,qt’
TRM,NRM,U,CSL,UNI,tʰ
TRM,NRM,U,CSL,DUP,ļtʰ
TRM,NRM,U,CSL,DCT,ltʰ
TRM,NRM,U,CSL,AGG,rtʰ
TRM,NRM,U,CSL,SEG,ntʰ
TRM,NRM,U,CSL,CPN,řtʰ
TRM,NRM,U,CSL,COH,ţskʰ
TRM,NRM,U,CSL,CST,ktʰ
TRM,NRM,U,CSL,MLT,ňtʰ
TRM,NRM,U,ASO,UNI,kʰ
TRM,NRM,U,ASO,DUP,ļkʰ
TRM,NRM,U,ASO,DCT,lkʰ
TRM,NRM,U,ASO,AGG,rkʰ
TRM,NRM,U,ASO,SEG,ňkʰ
TRM,NRM,U,ASO,CPN,řkʰ
TRM,NRM,U,ASO,COH,ţškʰ
TRM,NRM,U,ASO,CST,ftʰ
TRM,NRM,U,ASO,MLT,xtʰ
TRM,NRM,U,VAR,UNI,pʰ
TRM,NRM,U,VAR,DUP,ļpʰ
TRM,NRM,U,VAR,DCT,lpʰ
TRM,NRM,U,VAR,AGG,rpʰ
TRM,NRM,U,VAR,SEG,mpʰ
TRM,NRM,U,VAR,CPN,řpʰ
TRM,NRM,U,VAR,COH,fsqʰ
TRM,NRM,U,VAR,CST,ptʰ
TRM,NRM,U,VAR,MLT,fpʰ
TRM,NRM,U,COA,UNI,qʰ
TRM,NRM,U,COA,DUP,ļqʰ
TRM,NRM,U,COA,DCT,lqʰ
TRM,NRM,U,COA,AGG,rqʰ
TRM,NRM,U,COA,SEG,ňqʰ
TRM,NRM,U,COA,CPN,řqʰ
TRM,NRM,U,COA,COH,fšqʰ
TRM,NRM,U,COA,CST,xhtʰ
TRM,NRM,U,COA,MLT,qtʰ
TRM,NRM,N,CSL,UNI,c’
TRM,NRM,N,CSL,DUP,cc’
TRM,NRM,N,CSL,DCT,lc’
TRM,NRM,N,CSL,AGG,rc’
TRM,NRM,N,CSL,SEG,nc’
TRM,NRM,N,CSL,CPN,řc’
TRM,NRM,N,CSL,COH,mc’
TRM,NRM,N,CSL,CST,ňc’
TRM,NRM,N,CSL,MLT,çt’
TRM,NRM,N,ASO,UNI,č’
TRM,NRM,N,ASO,DUP,čč’
TRM,NRM,N,ASO,DCT,lč’
TRM,NRM,N,ASO,AGG,rč’
TRM,NRM,N,ASO,SEG,nč’
TRM,NRM,N,ASO,CPN,řč’
TRM,NRM,N,ASO,COH,mč’
TRM,NRM,N,ASO,CST,ňč’
TRM,NRM,N,ASO,MLT,çk’
TRM,NRM,N,VAR,UNI,cʰ
TRM,NRM,N,VAR,DUP,ccʰ
TRM,NRM,N,VAR,DCT,lcʰ
TRM,NRM,N,VAR,AGG,rcʰ
TRM,NRM,N,VAR,SEG,ncʰ
TRM,NRM,N,VAR,CPN,řcʰ
TRM,NRM,N,VAR,COH,mcʰ
TRM,NRM,N,VAR,CST,ňcʰ
TRM,NRM,N,VAR,MLT,çp’
TRM,NRM,N,COA,UNI,čʰ
TRM,NRM,N,COA,DUP,ččʰ
TRM,NRM,N,COA,DCT,lčʰ
TRM,NRM,N,COA,AGG,rčʰ
TRM,NRM,N,COA,SEG,nčʰ
TRM,NRM,N,COA,CPN,řčʰ
TRM,NRM,N,COA,COH,mčʰ
TRM,NRM,N,COA,CST,ňčʰ
TRM,NRM,N,COA,MLT,çq’
TRM,NRM,A,CSL,UNI,pps
TRM,NRM,A,CSL,UNI,pss
TRM,NRM,A,CSL,DUP,rps
TRM,NRM,A,CSL,DCT,lps
TRM,NRM,A,CSL,AGG,rbz
TRM,NRM,A,CSL,SEG,lbz
TRM,NRM,A,CSL,CPN,řps
TRM,NRM,A,CSL,COH,řbz
TRM,NRM,A,CSL,CST,ňss
TRM,NRM,A,CSL,MLT,çtʰ
TRM,NRM,A,ASO,UNI,ppš
TRM,NRM,A,ASO,UNI,pšš
TRM,NRM,A,ASO,DUP,rpš
TRM,NRM,A,ASO,DCT,lpš
TRM,NRM,A,ASO,AGG,rbž
TRM,NRM,A,ASO,SEG,lbž
TRM,NRM,A,ASO,CPN,řpš
TRM,NRM,A,ASO,COH,řbž
TRM,NRM,A,ASO,CST,ňšš
TRM,NRM,A,ASO,MLT,çkʰ
TRM,NRM,A,VAR,UNI,kks
TRM,NRM,A,VAR,UNI,kss
TRM,NRM,A,VAR,DUP,rks
TRM,NRM,A,VAR,DCT,lks
TRM,NRM,A,VAR,AGG,rgz
TRM,NRM,A,VAR,SEG,lgz
TRM,NRM,A,VAR,CPN,řks
TRM,NRM,A,VAR,COH,řgz
TRM,NRM,A,VAR,CST,ňzz
TRM,NRM,A,VAR,MLT,çpʰ
TRM,NRM,A,COA,UNI,kkš
TRM,NRM,A,COA,UNI,kšš
TRM,NRM,A,COA,DUP,rkš
TRM,NRM,A,COA,DCT,lkš
TRM,NRM,A,COA,AGG,rgž
TRM,NRM,A,COA,SEG,lgž
TRM,NRM,A,COA,CPN,řkš
TRM,NRM,A,COA,COH,řgž
TRM,NRM,A,COA,CST,ňžž
TRM,NRM,A,COA,MLT,çqʰ
DPL,NRM,M,CSL,UNI,kc
DPL,NRM,M,CSL,DUP,lkç
DPL,NRM,M,CSL,DCT,lsk
DPL,NRM,M,CSL,AGG,rsk
DPL,NRM,M,CSL,SEG,nsk
DPL,NRM,M,CSL,CPN,řsk
DPL,NRM,M,CSL,COH,msk
DPL,NRM,M,CSL,CST,ňsk
DPL,NRM,M,CSL,MLT,ssk
DPL,NRM,M,ASO,UNI,żd
DPL,NRM,M,ASO,DUP,lţs
DPL,NRM,M,ASO,DCT,lst
DPL,NRM,M,ASO,AGG,rst
DPL,NRM,M,ASO,SEG,nst
DPL,NRM,M,ASO,CPN,řst
DPL,NRM,M,ASO,COH,mst
DPL,NRM,M,ASO,CST,ňst
DPL,NRM,M,ASO,MLT,sst
DPL,NRM,M,VAR,UNI,pc
DPL,NRM,M,VAR,DUP,bbz
DPL,NRM,M,VAR,DUP,bzz
DPL,NRM,M,VAR,DCT,lsp
DPL,NRM,M,VAR,AGG,rsp
DPL,NRM,M,VAR,SEG,nsp
DPL,NRM,M,VAR,CPN,řsp
DPL,NRM,M,VAR,COH,msp
DPL,NRM,M,VAR,CST,ňsp
DPL,NRM,M,VAR,MLT,ssp
DPL,NRM,M,COA,UNI,qc
DPL,NRM,M,COA,DUP,ggz
DPL,NRM,M,COA,DUP,gzz
DPL,NRM,M,COA,DCT,lsq
DPL,NRM,M,COA,AGG,rsq
DPL,NRM,M,COA,SEG,nsq
DPL,NRM,M,COA,CPN,řsq
DPL,NRM,M,COA,COH,msq
DPL,NRM,M,COA,CST,ňsq
DPL,NRM,M,COA,MLT,ssq
DPL,NRM,U,CSL,UNI,kč
DPL,NRM,U,CSL,DUP,rçç
DPL,NRM,U,CSL,DCT,lšk
DPL,NRM,U,CSL,AGG,ršk
DPL,NRM,U,CSL,SEG,nšk
DPL,NRM,U,CSL,CPN,řšk
DPL,NRM,U,CSL,COH,mšk
DPL,NRM,U,CSL,CST,ňšk
DPL,NRM,U,CSL,MLT,ššk
DPL,NRM,U,ASO,UNI,jd
DPL,NRM,U,ASO,DUP,lţš
DPL,NRM,U,ASO,DCT,lšt
DPL,NRM,U,ASO,AGG,ršt
DPL,NRM,U,ASO,SEG,nšt
DPL,NRM,U,ASO,CPN,řšt
DPL,NRM,U,ASO,COH,mšt
DPL,NRM,U,ASO,CST,ňšt
DPL,NRM,U,ASO,MLT,ššt
DPL,NRM,U,VAR,UNI,pč
DPL,NRM,U,VAR,DUP,bbž
DPL,NRM,U,VAR,DUP,bžž
DPL,NRM,U,VAR,DCT,lšp
DPL,NRM,U,VAR,AGG,ršp
DPL,NRM,U,VAR,SEG,nšp
DPL,NRM,U,VAR,CPN,řšp
DPL,NRM,U,VAR,COH,mšp
DPL,NRM,U,VAR,CST,ňšp
DPL,NRM,U,VAR,MLT,ššp
DPL,NRM,U,COA,UNI,qč
DPL,NRM,U,COA,DUP,ggž
DPL,NRM,U,COA,DUP,gžž
DPL,NRM,U,COA,DCT,lšq
DPL,NRM,U,COA,AGG,ršq
DPL,NRM,U,COA,SEG,nšq
DPL,NRM,U,COA,CPN,řšq
DPL,NRM,U,COA,COH,mšq
DPL,NRM,U,COA,CST,ňšq
DPL,NRM,U,COA,MLT,ššq
DPL,NRM,N,CSL,UNI,bdh
DPL,NRM,N,CSL,DUP,xpf
DPL,NRM,N,CSL,DCT,lvz
DPL,NRM,N,CSL,AGG,rvz
DPL,NRM,N,CSL,SEG,rbdh
DPL,NRM,N,CSL,CPN,řpţ
DPL,NRM,N,CSL,COH,lpf
DPL,NRM,N,CSL,CST,rpf
DPL,NRM,N,CSL,MLT,bzd
DPL,NRM,N,ASO,UNI,gdh
DPL,NRM,N,ASO,DUP,ňdh
DPL,NRM,N,ASO,DCT,lvž
DPL,NRM,N,ASO,AGG,rvž
DPL,NRM,N,ASO,SEG,rgdh
DPL,NRM,N,ASO,CPN,řkţ
DPL,NRM,N,ASO,COH,lpç
DPL,NRM,N,ASO,CST,rpç
DPL,NRM,N,ASO,MLT,bžd
DPL,NRM,N,VAR,UNI,ţt
DPL,NRM,N,VAR,DUP,dhd
DPL,NRM,N,VAR,DCT,ldhz
DPL,NRM,N,VAR,AGG,rţs
DPL,NRM,N,VAR,SEG,rqţ
DPL,NRM,N,VAR,CPN,řqţ
DPL,NRM,N,VAR,COH,ňkç
DPL,NRM,N,VAR,CST,řpf
DPL,NRM,N,VAR,MLT,gzd
DPL,NRM,N,COA,UNI,db
DPL,NRM,N,COA,DUP,ttç
DPL,NRM,N,COA,DUP,tçç
DPL,NRM,N,COA,DCT,ldhž
DPL,NRM,N,COA,AGG,rţš
DPL,NRM,N,COA,SEG,rkç
DPL,NRM,N,COA,CPN,řkç
DPL,NRM,N,COA,COH,mpç
DPL,NRM,N,COA,CST,řpç
DPL,NRM,N,COA,MLT,gžd
DPL,NRM,A,CSL,UNI,bż
DPL,NRM,A,CSL,DUP,rpss
DPL,NRM,A,CSL,DCT,lzb
DPL,NRM,A,CSL,AGG,rzb
DPL,NRM,A,CSL,SEG,nzb
DPL,NRM,A,CSL,CPN,řzb
DPL,NRM,A,CSL,COH,mzb
DPL,NRM,A,CSL,CST,řpss
DPL,NRM,A,CSL,MLT,gzb
DPL,NRM,A,ASO,UNI,gż
DPL,NRM,A,ASO,DUP,rkss
DPL,NRM,A,ASO,DCT,lžb
DPL,NRM,A,ASO,AGG,ržb
DPL,NRM,A,ASO,SEG,nžb
DPL,NRM,A,ASO,CPN,řžb
DPL,NRM,A,ASO,COH,mžb
DPL,NRM,A,ASO,CST,řkss
DPL,NRM,A,ASO,MLT,gžb
DPL,NRM,A,VAR,UNI,bj
DPL,NRM,A,VAR,DUP,rpšš
DPL,NRM,A,VAR,DCT,lzg
DPL,NRM,A,VAR,AGG,rzg
DPL,NRM,A,VAR,SEG,nzg
DPL,NRM,A,VAR,CPN,řzg
DPL,NRM,A,VAR,COH,mzg
DPL,NRM,A,VAR,CST,řpšš
DPL,NRM,A,VAR,MLT,bzg
DPL,NRM,A,COA,UNI,gj
DPL,NRM,A,COA,DUP,rkšš
DPL,NRM,A,COA,DCT,lžg
DPL,NRM,A,COA,AGG,ržg
DPL,NRM,A,COA,SEG,nžg
DPL,NRM,A,COA,CPN,řžg
DPL,NRM,A,COA,COH,mžg
DPL,NRM,A,COA,CST,řkšš
DPL,NRM,A,COA,MLT,bžg
GRA,NRM,M,CSL,UNI,kc’
GRA,NRM,M,CSL,DUP,ck’
GRA,NRM,M,CSL,DCT,lsk’
GRA,NRM,M,CSL,AGG,rsk’
GRA,NRM,M,CSL,SEG,nsk’
GRA,NRM,M,CSL,CPN,řsk’
GRA,NRM,M,CSL,COH,msk’
GRA,NRM,M,CSL,CST,ňsk’
GRA,NRM,M,CSL,MLT,ssk’
GRA,NRM,M,ASO,UNI,żb
GRA,NRM,M,ASO,DUP,ct’
GRA,NRM,M,ASO,DCT,lst’
GRA,NRM,M,ASO,AGG,rst’
GRA,NRM,M,ASO,SEG,nst’
GRA,NRM,M,ASO,CPN,řst’
GRA,NRM,M,ASO,COH,mst’
GRA,NRM,M,ASO,CST,ňst’
GRA,NRM,M,ASO,MLT,sst’
GRA,NRM,M,VAR,UNI,pc’
GRA,NRM,M,VAR,DUP,cp’
GRA,NRM,M,VAR,DCT,lsp’
GRA,NRM,M,VAR,AGG,rsp’
GRA,NRM,M,VAR,SEG,nsp’
GRA,NRM,M,VAR,CPN,řsp’
GRA,NRM,M,VAR,COH,msp’
GRA,NRM,M,VAR,CST,ňsp’
GRA,NRM,M,VAR,MLT,ssp’
GRA,NRM,M,COA,UNI,qc’
GRA,NRM,M,COA,DUP,cq’
GRA,NRM,M,COA,DCT,lsq’
GRA,NRM,M,COA,AGG,rsq’
GRA,NRM,M,COA,SEG,nsq’
GRA,NRM,M,COA,CPN,řsq’
GRA,NRM,M,COA,COH,msq’
GRA,NRM,M,COA,CST,ňsq’
GRA,NRM,M,COA,MLT,ssq’
GRA,NRM,U,CSL,UNI,kč’
GRA,NRM,U,CSL,DUP,čk’
GRA,NRM,U,CSL,DCT,lšk’
GRA,NRM,U,CSL,AGG,ršk’
GRA,NRM,U,CSL,SEG,nšk’
GRA,NRM,U,CSL,CPN,řšk’
GRA,NRM,U,CSL,COH,mšk’
GRA,NRM,U,CSL,CST,ňšk’
GRA,NRM,U,CSL,MLT,ššk’
GRA,NRM,U,ASO,UNI,jb
GRA,NRM,U,ASO,DUP,čt’
GRA,NRM,U,ASO,DCT,lšt’
GRA,NRM,U,ASO,AGG,ršt’
GRA,NRM,U,ASO,SEG,nšt’
GRA,NRM,U,ASO,CPN,řšt’
GRA,NRM,U,ASO,COH,mšt’
GRA,NRM,U,ASO,CST,ňšt’
GRA,NRM,U,ASO,MLT,ššt’
GRA,NRM,U,VAR,UNI,pč’
GRA,NRM,U,VAR,DUP,čp’
GRA,NRM,U,VAR,DCT,lšp’
GRA,NRM,U,VAR,AGG,ršp’
GRA,NRM,U,VAR,SEG,nšp’
GRA,NRM,U,VAR,CPN,řšp’
GRA,NRM,U,VAR,COH,mšp’
GRA,NRM,U,VAR,CST,ňšp’
GRA,NRM,U,VAR,MLT,ššp’
GRA,NRM,U,COA,UNI,qč’
GRA,NRM,U,COA,DUP,čq’
GRA,NRM,U,COA,DCT,lšq’
GRA,NRM,U,COA,AGG,ršq’
GRA,NRM,U,COA,SEG,nšq’
GRA,NRM,U,COA,CPN,řšq’
GRA,NRM,U,COA,COH,mšq’
GRA,NRM,U,COA,CST,ňšq’
GRA,NRM,U,COA,MLT,ššq’
GRA,NRM,N,CSL,UNI,kcʰ
GRA,NRM,N,CSL,DUP,ckʰ
GRA,NRM,N,CSL,DCT,lskʰ
GRA,NRM,N,CSL,AGG,rskʰ
GRA,NRM,N,CSL,SEG,nskʰ
GRA,NRM,N,CSL,CPN,řskʰ
GRA,NRM,N,CSL,COH,mskʰ
GRA,NRM,N,CSL,CST,ňskʰ
GRA,NRM,N,CSL,MLT,sskʰ
GRA,NRM,N,ASO,UNI,żg
GRA,NRM,N,ASO,DUP,ctʰ
GRA,NRM,N,ASO,DCT,lstʰ
GRA,NRM,N,ASO,AGG,rstʰ
GRA,NRM,N,ASO,SEG,nstʰ
GRA,NRM,N,ASO,CPN,řstʰ
GRA,NRM,N,ASO,COH,mstʰ
GRA,NRM,N,ASO,CST,ňstʰ
GRA,NRM,N,ASO,MLT,sstʰ
GRA,NRM,N,VAR,UNI,pcʰ
GRA,NRM,N,VAR,DUP,cpʰ
GRA,NRM,N,VAR,DCT,lspʰ
GRA,NRM,N,VAR,AGG,rspʰ
GRA,NRM,N,VAR,SEG,nspʰ
GRA,NRM,N,VAR,CPN,řspʰ
GRA,NRM,N,VAR,COH,mspʰ
GRA,NRM,N,VAR,CST,ňspʰ
GRA,NRM,N,VAR,MLT,sspʰ
GRA,NRM,N,COA,UNI,qcʰ
GRA,NRM,N,COA,DUP,cqʰ
GRA,NRM,N,COA,DCT,lsqʰ
GRA,NRM,N,COA,AGG,rsqʰ
GRA,NRM,N,COA,SEG,nsqʰ
GRA,NRM,N,COA,CPN,řsqʰ
GRA,NRM,N,COA,COH,msqʰ
GRA,NRM,N,COA,CST,ňsqʰ
GRA,NRM,N,COA,MLT,ssqʰ
GRA,NRM,A,CSL,UNI,kčʰ
GRA,NRM,A,CSL,DUP,čkʰ
GRA,NRM,A,CSL,DCT,lškʰ
GRA,NRM,A,CSL,AGG,rškʰ
GRA,NRM,A,CSL,SEG,nškʰ
GRA,NRM,A,CSL,CPN,řškʰ
GRA,NRM,A,CSL,COH,mškʰ
GRA,NRM,A,CSL,CST,ňškʰ
GRA,NRM,A,CSL,MLT,šškʰ
GRA,NRM,A,ASO,UNI,jg
GRA,NRM,A,ASO,DUP,čtʰ
GRA,NRM,A,ASO,DCT,lštʰ
GRA,NRM,A,ASO,AGG,rštʰ
GRA,NRM,A,ASO,SEG,nštʰ
GRA,NRM,A,ASO,CPN,řštʰ
GRA,NRM,A,ASO,COH,mštʰ
GRA,NRM,A,ASO,CST,ňštʰ
GRA,NRM,A,ASO,MLT,šštʰ
GRA,NRM,A,VAR,UNI,pčʰ
GRA,NRM,A,VAR,DUP,čpʰ
GRA,NRM,A,VAR,DCT,lšpʰ
GRA,NRM,A,VAR,AGG,ršpʰ
GRA,NRM,A,VAR,SEG,nšpʰ
GRA,NRM,A,VAR,CPN,řšpʰ
GRA,NRM,A,VAR,COH,mšpʰ
GRA,NRM,A,VAR,CST,ňšpʰ
GRA,NRM,A,VAR,MLT,ššpʰ
GRA,NRM,A,COA,UNI,qčʰ
GRA,NRM,A,COA,DUP,čqʰ
GRA,NRM,A,COA,DCT,lšqʰ
GRA,NRM,A,COA,AGG,ršqʰ
GRA,NRM,A,COA,SEG,nšqʰ
GRA,NRM,A,COA,CPN,řšqʰ
GRA,NRM,A,COA,COH,mšqʰ
GRA,NRM,A,COA,CST,ňšqʰ
GRA,NRM,A,COA,MLT,ššqʰ
DEL,RPV,M,CSL,UNI,tt
DEL,RPV,M,CSL,DUP,tt’
DEL,RPV,M,CSL,DCT,ttʰ
DEL,RPV,M,CSL,AGG,lpt’
DEL,RPV,M,CSL,SEG,rpt’
DEL,RPV,M,CSL,CPN,řpt’
DEL,RPV,M,CSL,COH,lptʰ
DEL,RPV,M,CSL,CST,rptʰ
DEL,RPV,M,CSL,MLT,řptʰ
DEL,RPV,M,ASO,UNI,kk
DEL,RPV,M,ASO,DUP,kk’
DEL,RPV,M,ASO,DCT,kkʰ
DEL,RPV,M,ASO,AGG,lkt’
DEL,RPV,M,ASO,SEG,rkt’
DEL,RPV,M,ASO,CPN,řkt’
DEL,RPV,M,ASO,COH,lktʰ
DEL,RPV,M,ASO,CST,rktʰ
DEL,RPV,M,ASO,MLT,řktʰ
DEL,RPV,M,VAR,UNI,pp
DEL,RPV,M,VAR,DUP,pp’
DEL,RPV,M,VAR,DCT,ppʰ
DEL,RPV,M,VAR,AGG,lpk’
DEL,RPV,M,VAR,SEG,rpk’
DEL,RPV,M,VAR,CPN,řpk’
DEL,RPV,M,VAR,COH,lpkʰ
DEL,RPV,M,VAR,CST,rpkʰ
DEL,RPV,M,VAR,MLT,řpkʰ
DEL,RPV,M,COA,UNI,qq
DEL,RPV,M,COA,DUP,qq’
DEL,RPV,M,COA,DCT,qqʰ
DEL,RPV,M,COA,AGG,ltk’
DEL,RPV,M,COA,SEG,rtk’
DEL,RPV,M,COA,CPN,řtk’
DEL,RPV,M,COA,COH,ltkʰ
DEL,RPV,M,COA,CST,rtkʰ
DEL,RPV,M,COA,MLT,řtkʰ
DEL,RPV,U,CSL,UNI,dd
DEL,RPV,U,CSL,DUP,nçw
DEL,RPV,U,CSL,DCT,pçw
DEL,RPV,U,CSL,AGG,lft’
DEL,RPV,U,CSL,SEG,rft’
DEL,RPV,U,CSL,CPN,řft’
DEL,RPV,U,CSL,COH,lftʰ
DEL,RPV,U,CSL,CST,rftʰ
DEL,RPV,U,CSL,MLT,řftʰ
DEL,RPV,U,ASO,UNI,gg
DEL,RPV,U,ASO,DUP,ňçw
DEL,RPV,U,ASO,DCT,kfw
DEL,RPV,U,ASO,AGG,lxt’
DEL,RPV,U,ASO,SEG,rxt’
DEL,RPV,U,ASO,CPN,řxt’
DEL,RPV,U,ASO,COH,lxtʰ
DEL,RPV,U,ASO,CST,rxtʰ
DEL,RPV,U,ASO,MLT,řxtʰ
DEL,RPV,U,VAR,UNI,bb
DEL,RPV,U,VAR,DUP,mçw
DEL,RPV,U,VAR,DCT,pfw
DEL,RPV,U,VAR,AGG,lfk’
DEL,RPV,U,VAR,SEG,rfk’
DEL,RPV,U,VAR,CPN,řfk’
DEL,RPV,U,VAR,COH,lfkʰ
DEL,RPV,U,VAR,CST,rfkʰ
DEL,RPV,U,VAR,MLT,řfkʰ
DEL,RPV,U,COA,UNI,cf
DEL,RPV,U,COA,DUP,čf
DEL,RPV,U,COA,DCT,qfw
DEL,RPV,U,COA,AGG,lţk’
DEL,RPV,U,COA,SEG,rţk’
DEL,RPV,U,COA,CPN,řţk’
DEL,RPV,U,COA,COH,lţkʰ
DEL,RPV,U,COA,CST,rţkʰ
DEL,RPV,U,COA,MLT,řţkʰ
DEL,RPV,N,CSL,UNI,ţw
DEL,RPV,N,CSL,DUP,dhw
DEL,RPV,N,CSL,DCT,lţw
DEL,RPV,N,CSL,AGG,rţw
DEL,RPV,N,CSL,SEG,mţw
DEL,RPV,N,CSL,CPN,řţw
DEL,RPV,N,CSL,COH,nţw
DEL,RPV,N,CSL,CST,ldhw
DEL,RPV,N,CSL,MLT,rdhw
DEL,RPV,N,ASO,UNI,xw
DEL,RPV,N,ASO,DUP,ňw
DEL,RPV,N,ASO,DCT,lxw
DEL,RPV,N,ASO,AGG,rxw
DEL,RPV,N,ASO,SEG,mxw
DEL,RPV,N,ASO,CPN,řxw
DEL,RPV,N,ASO,COH,ňxw
DEL,RPV,N,ASO,CST,lňw
DEL,RPV,N,ASO,MLT,rňw
DEL,RPV,N,VAR,UNI,fw
DEL,RPV,N,VAR,DUP,vw
DEL,RPV,N,VAR,DCT,lfw
DEL,RPV,N,VAR,AGG,rfw
DEL,RPV,N,VAR,SEG,ňfw
DEL,RPV,N,VAR,CPN,řfw
DEL,RPV,N,VAR,COH,mfw
DEL,RPV,N,VAR,CST,lvw
DEL,RPV,N,VAR,MLT,rvw
DEL,RPV,N,COA,UNI,xhw
DEL,RPV,N,COA,DUP,çw
DEL,RPV,N,COA,DCT,lxhw
DEL,RPV,N,COA,AGG,rxhw
DEL,RPV,N,COA,SEG,mxhw
DEL,RPV,N,COA,CPN,tçw
DEL,RPV,N,COA,COH,ňxhw
DEL,RPV,N,COA,CST,lçw
DEL,RPV,N,COA,MLT,rçw
DEL,RPV,A,CSL,UNI,sw
DEL,RPV,A,CSL,DUP,cw
DEL,RPV,A,CSL,DCT,lsw
DEL,RPV,A,CSL,AGG,rsw
DEL,RPV,A,CSL,SEG,msw
DEL,RPV,A,CSL,CPN,řsw
DEL,RPV,A,CSL,COH,nsw
DEL,RPV,A,CSL,CST,ňsw
DEL,RPV,A,CSL,MLT,ssw
DEL,RPV,A,ASO,UNI,šw
DEL,RPV,A,ASO,DUP,čw
DEL,RPV,A,ASO,DCT,lšw
DEL,RPV,A,ASO,AGG,ršw
DEL,RPV,A,ASO,SEG,mšw
DEL,RPV,A,ASO,CPN,řšw
DEL,RPV,A,ASO,COH,nšw
DEL,RPV,A,ASO,CST,ňšw
DEL,RPV,A,ASO,MLT,ššw
DEL,RPV,A,VAR,UNI,zw
DEL,RPV,A,VAR,DUP,żw
DEL,RPV,A,VAR,DCT,lzw
DEL,RPV,A,VAR,AGG,rzw
DEL,RPV,A,VAR,SEG,mzw
DEL,RPV,A,VAR,CPN,řzw
DEL,RPV,A,VAR,COH,nzw
DEL,RPV,A,VAR,CST,ňzw
DEL,RPV,A,VAR,MLT,zzw
DEL,RPV,A,COA,UNI,žw
DEL,RPV,A,COA,DUP,jw
DEL,RPV,A,COA,DCT,lžw
DEL,RPV,A,COA,AGG,ržw
DEL,RPV,A,COA,SEG,mžw
DEL,RPV,A,COA,CPN,řžw
DEL,RPV,A,COA,COH,nžw
DEL,RPV,A,COA,CST,ňžw
DEL,RPV,A,COA,MLT,žžw
PRX,RPV,M,CSL,UNI,tw
PRX,RPV,M,CSL,DUP,ttw
PRX,RPV,M,CSL,DCT,tʰw
PRX,RPV,M,CSL,AGG,t’w
PRX,RPV,M,CSL,SEG,tt’w
PRX,RPV,M,CSL,CPN,ttʰw
PRX,RPV,M,CSL,COH,ltw
PRX,RPV,M,CSL,CST,rtw
PRX,RPV,M,CSL,MLT,ntw
PRX,RPV,M,ASO,UNI,kw
PRX,RPV,M,ASO,DUP,kkw
PRX,RPV,M,ASO,DCT,kʰw
PRX,RPV,M,ASO,AGG,k’w
PRX,RPV,M,ASO,SEG,kk’w
PRX,RPV,M,ASO,CPN,kkʰw
PRX,RPV,M,ASO,COH,lkw
PRX,RPV,M,ASO,CST,rkw
PRX,RPV,M,ASO,MLT,ňkw
PRX,RPV,M,VAR,UNI,pw
PRX,RPV,M,VAR,DUP,ppw
PRX,RPV,M,VAR,DCT,pʰw
PRX,RPV,M,VAR,AGG,p’w
PRX,RPV,M,VAR,SEG,pp’w
PRX,RPV,M,VAR,CPN,ppʰw
PRX,RPV,M,VAR,COH,lpw
PRX,RPV,M,VAR,CST,rpw
PRX,RPV,M,VAR,MLT,mpw
PRX,RPV,M,COA,UNI,qw
PRX,RPV,M,COA,DUP,qqw
PRX,RPV,M,COA,DCT,qʰw
PRX,RPV,M,COA,AGG,q’w
PRX,RPV,M,COA,SEG,qq’w
PRX,RPV,M,COA,CPN,qqʰw
PRX,RPV,M,COA,COH,lqw
PRX,RPV,M,COA,CST,rqw
PRX,RPV,M,COA,MLT,ňqw
PRX,RPV,U,CSL,UNI,ty
PRX,RPV,U,CSL,DUP,tty
PRX,RPV,U,CSL,DCT,lty
PRX,RPV,U,CSL,AGG,ţy
PRX,RPV,U,CSL,SEG,nty
PRX,RPV,U,CSL,CPN,řty
PRX,RPV,U,CSL,COH,rty
PRX,RPV,U,CSL,CST,pty
PRX,RPV,U,CSL,MLT,tky
PRX,RPV,U,ASO,UNI,ky
PRX,RPV,U,ASO,DUP,kky
PRX,RPV,U,ASO,DCT,lky
PRX,RPV,U,ASO,AGG,ży
PRX,RPV,U,ASO,SEG,ňky
PRX,RPV,U,ASO,CPN,řky
PRX,RPV,U,ASO,COH,rky
PRX,RPV,U,ASO,CST,kty
PRX,RPV,U,ASO,MLT,kpy
PRX,RPV,U,VAR,UNI,py
PRX,RPV,U,VAR,DUP,ppy
PRX,RPV,U,VAR,DCT,lpy
PRX,RPV,U,VAR,AGG,fy
PRX,RPV,U,VAR,SEG,npy
PRX,RPV,U,VAR,CPN,řpy
PRX,RPV,U,VAR,COH,rpy
PRX,RPV,U,VAR,CST,tpy
PRX,RPV,U,VAR,MLT,pky
PRX,RPV,U,COA,UNI,my
PRX,RPV,U,COA,DUP,fty
PRX,RPV,U,COA,DCT,ptw
PRX,RPV,U,COA,AGG,mw
PRX,RPV,U,COA,SEG,ftw
PRX,RPV,U,COA,CPN,ptr
PRX,RPV,U,COA,COH,ftr
PRX,RPV,U,COA,CST,pkw
PRX,RPV,U,COA,MLT,fkw
PRX,RPV,N,CSL,UNI,dw
PRX,RPV,N,CSL,DUP,ddw
PRX,RPV,N,CSL,DCT,ldw
PRX,RPV,N,CSL,AGG,tv
PRX,RPV,N,CSL,SEG,ndw
PRX,RPV,N,CSL,CPN,řdw
PRX,RPV,N,CSL,COH,bdw
PRX,RPV,N,CSL,CST,dgw
PRX,RPV,N,CSL,MLT,rdw
PRX,RPV,N,ASO,UNI,gw
PRX,RPV,N,ASO,DUP,ggw
PRX,RPV,N,ASO,DCT,lgw
PRX,RPV,N,ASO,AGG,kv
PRX,RPV,N,ASO,SEG,ňgw
PRX,RPV,N,ASO,CPN,řgw
PRX,RPV,N,ASO,COH,gdw
PRX,RPV,N,ASO,CST,gbw
PRX,RPV,N,ASO,MLT,rgw
PRX,RPV,N,VAR,UNI,bw
PRX,RPV,N,VAR,DUP,bbw
PRX,RPV,N,VAR,DCT,lbw
PRX,RPV,N,VAR,AGG,pv
PRX,RPV,N,VAR,SEG,mbw
PRX,RPV,N,VAR,CPN,řbw
PRX,RPV,N,VAR,COH,dbw
PRX,RPV,N,VAR,CST,bgw
PRX,RPV,N,VAR,MLT,rbw
PRX,RPV,N,COA,UNI,lw
PRX,RPV,N,COA,DUP,ly
PRX,RPV,N,COA,DCT,ry
PRX,RPV,N,COA,AGG,rw
PRX,RPV,N,COA,SEG,ļw
PRX,RPV,N,COA,CPN,řy
PRX,RPV,N,COA,COH,tļw
PRX,RPV,N,COA,CST,řw
PRX,RPV,N,COA,MLT,lř
PRX,RPV,A,CSL,UNI,dy
PRX,RPV,A,CSL,DUP,ddy
PRX,RPV,A,CSL,DCT,ldy
PRX,RPV,A,CSL,AGG,dhy
PRX,RPV,A,CSL,SEG,ndy
PRX,RPV,A,CSL,CPN,řdy
PRX,RPV,A,CSL,COH,rdy
PRX,RPV,A,CSL,CST,bdy
PRX,RPV,A,CSL,MLT,dgy
PRX,RPV,A,ASO,UNI,gy
PRX,RPV,A,ASO,DUP,ggy
PRX,RPV,A,ASO,DCT,lgy
PRX,RPV,A,ASO,AGG,jy
PRX,RPV,A,ASO,SEG,ňgy
PRX,RPV,A,ASO,CPN,řgy
PRX,RPV,A,ASO,COH,rgy
PRX,RPV,A,ASO,CST,gdy
PRX,RPV,A,ASO,MLT,gby
PRX,RPV,A,VAR,UNI,by
PRX,RPV,A,VAR,DUP,bby
PRX,RPV,A,VAR,DCT,lby
PRX,RPV,A,VAR,AGG,vy
PRX,RPV,A,VAR,SEG,mby
PRX,RPV,A,VAR,CPN,řby
PRX,RPV,A,VAR,COH,rby
PRX,RPV,A,VAR,CST,dby
PRX,RPV,A,VAR,MLT,bgy
PRX,RPV,A,COA,UNI,ny
PRX,RPV,A,COA,DUP,xty
PRX,RPV,A,COA,DCT,ktw
PRX,RPV,A,COA,AGG,nw
PRX,RPV,A,COA,SEG,xtw
PRX,RPV,A,COA,CPN,ktr
PRX,RPV,A,COA,COH,xtr
PRX,RPV,A,COA,CST,tkw
PRX,RPV,A,COA,MLT,ţkw
ICP,RPV,M,CSL,UNI,tl
ICP,RPV,M,CSL,DUP,ttl
ICP,RPV,M,CSL,DCT,ltl
ICP,RPV,M,CSL,AGG,rtl
ICP,RPV,M,CSL,SEG,ntl
ICP,RPV,M,CSL,CPN,řtl
ICP,RPV,M,CSL,COH,mtl
ICP,RPV,M,CSL,CST,ļtl
ICP,RPV,M,CSL,MLT,kçw
ICP,RPV,M,ASO,UNI,kl
ICP,RPV,M,ASO,DUP,kkl
ICP,RPV,M,ASO,DCT,lkl
ICP,RPV,M,ASO,AGG,rkl
ICP,RPV,M,ASO,SEG,ňkl
ICP,RPV,M,ASO,CPN,řkl
ICP,RPV,M,ASO,COH,mkl
ICP,RPV,M,ASO,CST,ļkl
ICP,RPV,M,ASO,MLT,c’w
ICP,RPV,M,VAR,UNI,pl
ICP,RPV,M,VAR,DUP,ppl
ICP,RPV,M,VAR,DCT,lpl
ICP,RPV,M,VAR,AGG,rpl
ICP,RPV,M,VAR,SEG,mpl
ICP,RPV,M,VAR,CPN,řpl
ICP,RPV,M,VAR,COH,ňpl
ICP,RPV,M,VAR,CST,ļpl
ICP,RPV,M,VAR,MLT,tfw
ICP,RPV,M,COA,UNI,ql
ICP,RPV,M,COA,DUP,qql
ICP,RPV,M,COA,DCT,lql
ICP,RPV,M,COA,AGG,rql
ICP,RPV,M,COA,SEG,ňql
ICP,RPV,M,COA,CPN,řql
ICP,RPV,M,COA,COH,mql
ICP,RPV,M,COA,CST,ļql
ICP,RPV,M,COA,MLT,č’w
ICP,RPV,U,CSL,UNI,dl
ICP,RPV,U,CSL,DUP,ddl
ICP,RPV,U,CSL,DCT,ldl
ICP,RPV,U,CSL,AGG,rdl
ICP,RPV,U,CSL,SEG,ndl
ICP,RPV,U,CSL,CPN,řdl
ICP,RPV,U,CSL,COH,bdl
ICP,RPV,U,CSL,CST,dgl
ICP,RPV,U,CSL,MLT,vbl
ICP,RPV,U,ASO,UNI,gl
ICP,RPV,U,ASO,DUP,ggl
ICP,RPV,U,ASO,DCT,lgl
ICP,RPV,U,ASO,AGG,rgl
ICP,RPV,U,ASO,SEG,ňgl
ICP,RPV,U,ASO,CPN,řgl
ICP,RPV,U,ASO,COH,gdl
ICP,RPV,U,ASO,CST,gbl
ICP,RPV,U,ASO,MLT,vgl
ICP,RPV,U,VAR,UNI,bl
ICP,RPV,U,VAR,DUP,bbl
ICP,RPV,U,VAR,DCT,lbl
ICP,RPV,U,VAR,AGG,rbl
ICP,RPV,U,VAR,SEG,mbl
ICP,RPV,U,VAR,CPN,řbl
ICP,RPV,U,VAR,COH,dbl
ICP,RPV,U,VAR,CST,bgl
ICP,RPV,U,VAR,MLT,vdl
ICP,RPV,U,COA,UNI,ml
ICP,RPV,U,COA,DUP,mř
ICP,RPV,U,COA,DCT,ňl
ICP,RPV,U,COA,AGG,nl
ICP,RPV,U,COA,SEG,ţř
ICP,RPV,U,COA,CPN,fř
ICP,RPV,U,COA,COH,př
ICP,RPV,U,COA,CST,tř
ICP,RPV,U,COA,MLT,lr
ICP,RPV,N,CSL,UNI,skl
ICP,RPV,N,CSL,DUP,ckl
ICP,RPV,N,CSL,DCT,ckw
ICP,RPV,N,CSL,AGG,skw
ICP,RPV,N,CSL,SEG,sskw
ICP,RPV,N,CSL,CPN,çkw
ICP,RPV,N,CSL,COH,sk’w
ICP,RPV,N,CSL,CST,ck’w
ICP,RPV,N,CSL,MLT,sskl
ICP,RPV,N,ASO,UNI,stl
ICP,RPV,N,ASO,DUP,ctl
ICP,RPV,N,ASO,DCT,ctw
ICP,RPV,N,ASO,AGG,stw
ICP,RPV,N,ASO,SEG,sstw
ICP,RPV,N,ASO,CPN,çtw
ICP,RPV,N,ASO,COH,st’w
ICP,RPV,N,ASO,CST,ct’w
ICP,RPV,N,ASO,MLT,sstl
ICP,RPV,N,VAR,UNI,spl
ICP,RPV,N,VAR,DUP,cpl
ICP,RPV,N,VAR,DCT,cpw
ICP,RPV,N,VAR,AGG,spw
ICP,RPV,N,VAR,SEG,sspw
ICP,RPV,N,VAR,CPN,çpw
ICP,RPV,N,VAR,COH,sp’w
ICP,RPV,N,VAR,CST,cp’w
ICP,RPV,N,VAR,MLT,sspl
ICP,RPV,N,COA,UNI,sql
ICP,RPV,N,COA,DUP,cql
ICP,RPV,N,COA,DCT,cqw
ICP,RPV,N,COA,AGG,sqw
ICP,RPV,N,COA,SEG,ssqw
ICP,RPV,N,COA,CPN,çqw
ICP,RPV,N,COA,COH,sq’w
ICP,RPV,N,COA,CST,cq’w
ICP,RPV,N,COA,MLT,ssql
ICP,RPV,A,CSL,UNI,škl
ICP,RPV,A,CSL,DUP,čkl
ICP,RPV,A,CSL,DCT,čkw
ICP,RPV,A,CSL,AGG,škw
ICP,RPV,A,CSL,SEG,šškw
ICP,RPV,A,CSL,CPN,xxw
ICP,RPV,A,CSL,COH,šk’w
ICP,RPV,A,CSL,CST,čk’w
ICP,RPV,A,CSL,MLT,šškl
ICP,RPV,A,ASO,UNI,štl
ICP,RPV,A,ASO,DUP,čtl
ICP,RPV,A,ASO,DCT,čtw
ICP,RPV,A,ASO,AGG,štw
ICP,RPV,A,ASO,SEG,šštw
ICP,RPV,A,ASO,CPN,ţţw
ICP,RPV,A,ASO,COH,št’w
ICP,RPV,A,ASO,CST,čt’w
ICP,RPV,A,ASO,MLT,šštl
ICP,RPV,A,VAR,UNI,špl
ICP,RPV,A,VAR,DUP,čpl
ICP,RPV,A,VAR,DCT,čpw
ICP,RPV,A,VAR,AGG,špw
ICP,RPV,A,VAR,SEG,ššpw
ICP,RPV,A,VAR,CPN,ffw
ICP,RPV,A,VAR,COH,šp’w
ICP,RPV,A,VAR,CST,čp’w
ICP,RPV,A,VAR,MLT,ššpl
ICP,RPV,A,COA,UNI,šql
ICP,RPV,A,COA,DUP,čql
ICP,RPV,A,COA,DCT,čqw
ICP,RPV,A,COA,AGG,šqw
ICP,RPV,A,COA,SEG,ššqw
ICP,RPV,A,COA,CPN,xxhw
ICP,RPV,A,COA,COH,šq’w
ICP,RPV,A,COA,CST,čq’w
ICP,RPV,A,COA,MLT,ššql
TRM,RPV,M,CSL,UNI,tr
TRM,RPV,M,CSL,DUP,ttr
TRM,RPV,M,CSL,DCT,ltr
TRM,RPV,M,CSL,AGG,rtr
TRM,RPV,M,CSL,SEG,ntr
TRM,RPV,M,CSL,CPN,řtr
TRM,RPV,M,CSL,COH,mtr
TRM,RPV,M,CSL,CST,ļtr
TRM,RPV,M,CSL,MLT,rtn
TRM,RPV,M,ASO,UNI,kr
TRM,RPV,M,ASO,DUP,kkr
TRM,RPV,M,ASO,DCT,lkr
TRM,RPV,M,ASO,AGG,rkr
TRM,RPV,M,ASO,SEG,ňkr
TRM,RPV,M,ASO,CPN,řkr
TRM,RPV,M,ASO,COH,mkr
TRM,RPV,M,ASO,CST,ļkr
TRM,RPV,M,ASO,MLT,rkn
TRM,RPV,M,VAR,UNI,pr
TRM,RPV,M,VAR,DUP,ppr
TRM,RPV,M,VAR,DCT,lpr
TRM,RPV,M,VAR,AGG,rpr
TRM,RPV,M,VAR,SEG,mpr
TRM,RPV,M,VAR,CPN,řpr
TRM,RPV,M,VAR,COH,ňpr
TRM,RPV,M,VAR,CST,ļpr
TRM,RPV,M,VAR,MLT,rpn
TRM,RPV,M,COA,UNI,qr
TRM,RPV,M,COA,DUP,qqr
TRM,RPV,M,COA,DCT,lqr
TRM,RPV,M,COA,AGG,rqr
TRM,RPV,M,COA,SEG,ňqr
TRM,RPV,M,COA,CPN,řqr
TRM,RPV,M,COA,COH,mqr
TRM,RPV,M,COA,CST,ļqr
TRM,RPV,M,COA,MLT,rqn
TRM,RPV,U,CSL,UNI,dr
TRM,RPV,U,CSL,DUP,ddr
TRM,RPV,U,CSL,DCT,ldr
TRM,RPV,U,CSL,AGG,rdr
TRM,RPV,U,CSL,SEG,ndr
TRM,RPV,U,CSL,CPN,řdr
TRM,RPV,U,CSL,COH,bdr
TRM,RPV,U,CSL,CST,dgr
TRM,RPV,U,CSL,MLT,vbr
TRM,RPV,U,ASO,UNI,gr
TRM,RPV,U,ASO,DUP,ggr
TRM,RPV,U,ASO,DCT,lgr
TRM,RPV,U,ASO,AGG,rgr
TRM,RPV,U,ASO,SEG,ňgr
TRM,RPV,U,ASO,CPN,řgr
TRM,RPV,U,ASO,COH,gdr
TRM,RPV,U,ASO,CST,gbr
TRM,RPV,U,ASO,MLT,vgr
TRM,RPV,U,VAR,UNI,br
TRM,RPV,U,VAR,DUP,bbr
TRM,RPV,U,VAR,DCT,lbr
TRM,RPV,U,VAR,AGG,rbr
TRM,RPV,U,VAR,SEG,mbr
TRM,RPV,U,VAR,CPN,řbr
TRM,RPV,U,VAR,COH,dbr
TRM,RPV,U,VAR,CST,bgr
TRM,RPV,U,VAR,MLT,vdr
TRM,RPV,U,COA,UNI,mr
TRM,RPV,U,COA,DUP,nř
TRM,RPV,U,COA,DCT,ňr
TRM,RPV,U,COA,AGG,nr
TRM,RPV,U,COA,SEG,dhř
TRM,RPV,U,COA,CPN,vř
TRM,RPV,U,COA,COH,bř
TRM,RPV,U,COA,CST,dř
TRM,RPV,U,COA,MLT,gř
TRM,RPV,N,CSL,UNI,skr
TRM,RPV,N,CSL,DUP,ckr
TRM,RPV,N,CSL,DCT,cky
TRM,RPV,N,CSL,AGG,sky
TRM,RPV,N,CSL,SEG,ssky
TRM,RPV,N,CSL,CPN,čʰw
TRM,RPV,N,CSL,COH,skʰw
TRM,RPV,N,CSL,CST,ckʰw
TRM,RPV,N,CSL,MLT,sskr
TRM,RPV,N,ASO,UNI,str
TRM,RPV,N,ASO,DUP,ctr
TRM,RPV,N,ASO,DCT,cty
TRM,RPV,N,ASO,AGG,sty
TRM,RPV,N,ASO,SEG,ssty
TRM,RPV,N,ASO,CPN,cʰy
TRM,RPV,N,ASO,COH,stʰw
TRM,RPV,N,ASO,CST,ctʰw
TRM,RPV,N,ASO,MLT,sstr
TRM,RPV,N,VAR,UNI,spr
TRM,RPV,N,VAR,DUP,cpr
TRM,RPV,N,VAR,DCT,cpy
TRM,RPV,N,VAR,AGG,spy
TRM,RPV,N,VAR,SEG,sspy
TRM,RPV,N,VAR,CPN,cʰw
TRM,RPV,N,VAR,COH,spʰw
TRM,RPV,N,VAR,CST,cpʰw
TRM,RPV,N,VAR,MLT,sspr
TRM,RPV,N,COA,UNI,sqr
TRM,RPV,N,COA,DUP,cqr
TRM,RPV,N,COA,DCT,c’y
TRM,RPV,N,COA,AGG,cy
TRM,RPV,N,COA,SEG,çr
TRM,RPV,N,COA,CPN,čʰy
TRM,RPV,N,COA,COH,sqʰw
TRM,RPV,N,COA,CST,cqʰw
TRM,RPV,N,COA,MLT,ssqr
TRM,RPV,A,CSL,UNI,škr
TRM,RPV,A,CSL,DUP,čkr
TRM,RPV,A,CSL,DCT,čky
TRM,RPV,A,CSL,AGG,šky
TRM,RPV,A,CSL,SEG,ššky
TRM,RPV,A,CSL,CPN,ļkw
TRM,RPV,A,CSL,COH,škʰw
TRM,RPV,A,CSL,CST,čkʰw
TRM,RPV,A,CSL,MLT,šškr
TRM,RPV,A,ASO,UNI,štr
TRM,RPV,A,ASO,DUP,čtr
TRM,RPV,A,ASO,DCT,čty
TRM,RPV,A,ASO,AGG,šty
TRM,RPV,A,ASO,SEG,ššty
TRM,RPV,A,ASO,CPN,ļtw
TRM,RPV,A,ASO,COH,štʰw
TRM,RPV,A,ASO,CST,čtʰw
TRM,RPV,A,ASO,MLT,šštr
TRM,RPV,A,VAR,UNI,špr
TRM,RPV,A,VAR,DUP,čpr
TRM,RPV,A,VAR,DCT,čpy
TRM,RPV,A,VAR,AGG,špy
TRM,RPV,A,VAR,SEG,ššpy
TRM,RPV,A,VAR,CPN,ļpw
TRM,RPV,A,VAR,COH,špʰw
TRM,RPV,A,VAR,CST,čpʰw
TRM,RPV,A,VAR,MLT,ššpr
TRM,RPV,A,COA,UNI,šqr
TRM,RPV,A,COA,DUP,čqr
TRM,RPV,A,COA,DCT,č’y
TRM,RPV,A,COA,AGG,čy
TRM,RPV,A,COA,SEG,çř
TRM,RPV,A,COA,CPN,ļqw
TRM,RPV,A,COA,COH,šqʰw
TRM,RPV,A,COA,CST,čqʰw
TRM,RPV,A,COA,MLT,ššqr
DPL,RPV,M,CSL,UNI,sl
DPL,RPV,M,CSL,DUP,ssl
DPL,RPV,M,CSL,DCT,lsl
DPL,RPV,M,CSL,AGG,rsl
DPL,RPV,M,CSL,SEG,msl
DPL,RPV,M,CSL,CPN,řsl
DPL,RPV,M,CSL,COH,nsl
DPL,RPV,M,CSL,CST,ňsl
DPL,RPV,M,CSL,MLT,ţst
DPL,RPV,M,ASO,UNI,šl
DPL,RPV,M,ASO,DUP,ššl
DPL,RPV,M,ASO,DCT,lšl
DPL,RPV,M,ASO,AGG,ršl
DPL,RPV,M,ASO,SEG,mšl
DPL,RPV,M,ASO,CPN,řšl
DPL,RPV,M,ASO,COH,nšl
DPL,RPV,M,ASO,CST,ňšl
DPL,RPV,M,ASO,MLT,ţšt
DPL,RPV,M,VAR,UNI,zl
DPL,RPV,M,VAR,DUP,zzl
DPL,RPV,M,VAR,DCT,lzl
DPL,RPV,M,VAR,AGG,rzl
DPL,RPV,M,VAR,SEG,mzl
DPL,RPV,M,VAR,CPN,řzl
DPL,RPV,M,VAR,COH,nzl
DPL,RPV,M,VAR,CST,ňzl
DPL,RPV,M,VAR,MLT,ţsp
DPL,RPV,M,COA,UNI,žl
DPL,RPV,M,COA,DUP,žžl
DPL,RPV,M,COA,DCT,lžl
DPL,RPV,M,COA,AGG,ržl
DPL,RPV,M,COA,SEG,mžl
DPL,RPV,M,COA,CPN,řžl
DPL,RPV,M,COA,COH,nžl
DPL,RPV,M,COA,CST,ňžl
DPL,RPV,M,COA,MLT,ţšp
DPL,RPV,U,CSL,UNI,fl
DPL,RPV,U,CSL,DUP,ffl
DPL,RPV,U,CSL,DCT,lfl
DPL,RPV,U,CSL,AGG,rfl
DPL,RPV,U,CSL,SEG,mfl
DPL,RPV,U,CSL,CPN,řfl
DPL,RPV,U,CSL,COH,fxl
DPL,RPV,U,CSL,CST,ňfl
DPL,RPV,U,CSL,MLT,pxl
DPL,RPV,U,ASO,UNI,ţl
DPL,RPV,U,ASO,DUP,ţţl
DPL,RPV,U,ASO,DCT,lţl
DPL,RPV,U,ASO,AGG,rţl
DPL,RPV,U,ASO,SEG,nţl
DPL,RPV,U,ASO,CPN,řţl
DPL,RPV,U,ASO,COH,ţxl
DPL,RPV,U,ASO,CST,mţl
DPL,RPV,U,ASO,MLT,txl
DPL,RPV,U,VAR,UNI,xl
DPL,RPV,U,VAR,DUP,xxl
DPL,RPV,U,VAR,DCT,lxl
DPL,RPV,U,VAR,AGG,rxl
DPL,RPV,U,VAR,SEG,ňxl
DPL,RPV,U,VAR,CPN,řxl
DPL,RPV,U,VAR,COH,xfl
DPL,RPV,U,VAR,CST,mxl
DPL,RPV,U,VAR,MLT,xţl
DPL,RPV,U,COA,UNI,xhl
DPL,RPV,U,COA,DUP,xxhl
DPL,RPV,U,COA,DCT,lxhl
DPL,RPV,U,COA,AGG,rxhl
DPL,RPV,U,COA,SEG,ňxhl
DPL,RPV,U,COA,CPN,qtl
DPL,RPV,U,COA,COH,xhfl
DPL,RPV,U,COA,CST,mxhl
DPL,RPV,U,COA,MLT,xhţl
DPL,RPV,N,CSL,UNI,vl
DPL,RPV,N,CSL,DUP,vvl
DPL,RPV,N,CSL,DCT,lvl
DPL,RPV,N,CSL,AGG,rvl
DPL,RPV,N,CSL,SEG,mvl
DPL,RPV,N,CSL,CPN,řvl
DPL,RPV,N,CSL,COH,lpţ
DPL,RPV,N,CSL,CST,lkţ
DPL,RPV,N,CSL,MLT,mpļ
DPL,RPV,N,ASO,UNI,dhl
DPL,RPV,N,ASO,DUP,ddhl
DPL,RPV,N,ASO,DCT,ldhl
DPL,RPV,N,ASO,AGG,rdhl
DPL,RPV,N,ASO,SEG,ndhl
DPL,RPV,N,ASO,CPN,řdhl
DPL,RPV,N,ASO,COH,cl
DPL,RPV,N,ASO,CST,čl
DPL,RPV,N,ASO,MLT,ntļ
DPL,RPV,N,VAR,UNI,sv
DPL,RPV,N,VAR,DUP,sř
DPL,RPV,N,VAR,DCT,ksw
DPL,RPV,N,VAR,AGG,sxw
DPL,RPV,N,VAR,SEG,lsř
DPL,RPV,N,VAR,CPN,rsř
DPL,RPV,N,VAR,COH,fsw
DPL,RPV,N,VAR,CST,řsř
DPL,RPV,N,VAR,MLT,bzw
DPL,RPV,N,COA,UNI,zv
DPL,RPV,N,COA,DUP,zř
DPL,RPV,N,COA,DCT,psw
DPL,RPV,N,COA,AGG,sxhw
DPL,RPV,N,COA,SEG,lzř
DPL,RPV,N,COA,CPN,rzř
DPL,RPV,N,COA,COH,sfw
DPL,RPV,N,COA,CST,řzř
DPL,RPV,N,COA,MLT,gzw
DPL,RPV,A,CSL,UNI,sm
DPL,RPV,A,CSL,DUP,sy
DPL,RPV,A,CSL,DCT,cm
DPL,RPV,A,CSL,AGG,zm
DPL,RPV,A,CSL,SEG,żm
DPL,RPV,A,CSL,CPN,çm
DPL,RPV,A,CSL,COH,bm
DPL,RPV,A,CSL,CST,dm
DPL,RPV,A,CSL,MLT,gm
DPL,RPV,A,ASO,UNI,šm
DPL,RPV,A,ASO,DUP,šy
DPL,RPV,A,ASO,DCT,čm
DPL,RPV,A,ASO,AGG,žm
DPL,RPV,A,ASO,SEG,jm
DPL,RPV,A,ASO,CPN,ļm
DPL,RPV,A,ASO,COH,vm
DPL,RPV,A,ASO,CST,dhm
DPL,RPV,A,ASO,MLT,kř
DPL,RPV,A,VAR,UNI,sn
DPL,RPV,A,VAR,DUP,zy
DPL,RPV,A,VAR,DCT,cn
DPL,RPV,A,VAR,AGG,zn
DPL,RPV,A,VAR,SEG,żn
DPL,RPV,A,VAR,CPN,çn
DPL,RPV,A,VAR,COH,bn
DPL,RPV,A,VAR,CST,dn
DPL,RPV,A,VAR,MLT,gn
DPL,RPV,A,COA,UNI,šn
DPL,RPV,A,COA,DUP,žy
DPL,RPV,A,COA,DCT,čn
DPL,RPV,A,COA,AGG,žn
DPL,RPV,A,COA,SEG,jn
DPL,RPV,A,COA,CPN,ļn
DPL,RPV,A,COA,COH,vn
DPL,RPV,A,COA,CST,dhn
DPL,RPV,A,COA,MLT,ňř
GRA,RPV,M,CSL,UNI,sr
GRA,RPV,M,CSL,DUP,ssr
GRA,RPV,M,CSL,DCT,lsr
GRA,RPV,M,CSL,AGG,rsr
GRA,RPV,M,CSL,SEG,msr
GRA,RPV,M,CSL,CPN,řsr
GRA,RPV,M,CSL,COH,nsr
GRA,RPV,M,CSL,CST,ňsr
GRA,RPV,M,CSL,MLT,ţsk
GRA,RPV,M,ASO,UNI,šr
GRA,RPV,M,ASO,DUP,ššr
GRA,RPV,M,ASO,DCT,lšr
GRA,RPV,M,ASO,AGG,ršr
GRA,RPV,M,ASO,SEG,mšr
GRA,RPV,M,ASO,CPN,řšr
GRA,RPV,M,ASO,COH,nšr
GRA,RPV,M,ASO,CST,ňšr
GRA,RPV,M,ASO,MLT,ţšk
GRA,RPV,M,VAR,UNI,zr
GRA,RPV,M,VAR,DUP,zzr
GRA,RPV,M,VAR,DCT,lzr
GRA,RPV,M,VAR,AGG,rzr
GRA,RPV,M,VAR,SEG,mzr
GRA,RPV,M,VAR,CPN,řzr
GRA,RPV,M,VAR,COH,nzr
GRA,RPV,M,VAR,CST,ňzr
GRA,RPV,M,VAR,MLT,ţsq
GRA,RPV,M,COA,UNI,žr
GRA,RPV,M,COA,DUP,žžr
GRA,RPV,M,COA,DCT,lžr
GRA,RPV,M,COA,AGG,ržr
GRA,RPV,M,COA,SEG,mžr
GRA,RPV,M,COA,CPN,řžr
GRA,RPV,M,COA,COH,nžr
GRA,RPV,M,COA,CST,ňžr
GRA,RPV,M,COA,MLT,ţšq
GRA,RPV,U,CSL,UNI,fr
GRA,RPV,U,CSL,DUP,ffr
GRA,RPV,U,CSL,DCT,lfr
GRA,RPV,U,CSL,AGG,rfr
GRA,RPV,U,CSL,SEG,mfr
GRA,RPV,U,CSL,CPN,řfr
GRA,RPV,U,CSL,COH,fxr
GRA,RPV,U,CSL,CST,ňfr
GRA,RPV,U,CSL,MLT,pxr
GRA,RPV,U,ASO,UNI,ţr
GRA,RPV,U,ASO,DUP,ţţr
GRA,RPV,U,ASO,DCT,lţr
GRA,RPV,U,ASO,AGG,rţr
GRA,RPV,U,ASO,SEG,nţr
GRA,RPV,U,ASO,CPN,řţr
GRA,RPV,U,ASO,COH,ţxr
GRA,RPV,U,ASO,CST,mţr
GRA,RPV,U,ASO,MLT,txr
GRA,RPV,U,VAR,UNI,xr
GRA,RPV,U,VAR,DUP,xxr
GRA,RPV,U,VAR,DCT,lxr
GRA,RPV,U,VAR,AGG,rxr
GRA,RPV,U,VAR,SEG,ňxr
GRA,RPV,U,VAR,CPN,řxr
GRA,RPV,U,VAR,COH,xfr
GRA,RPV,U,VAR,CST,mxr
GRA,RPV,U,VAR,MLT,xţr
GRA,RPV,U,COA,UNI,xhr
GRA,RPV,U,COA,DUP,xxhr
GRA,RPV,U,COA,DCT,lxhr
GRA,RPV,U,COA,AGG,rxhr
GRA,RPV,U,COA,SEG,ňxhr
GRA,RPV,U,COA,CPN,qtr
GRA,RPV,U,COA,COH,xhfr
GRA,RPV,U,COA,CST,mxhr
GRA,RPV,U,COA,MLT,xhţr
GRA,RPV,N,CSL,UNI,vr
GRA,RPV,N,CSL,DUP,vvr
GRA,RPV,N,CSL,DCT,lvr
GRA,RPV,N,CSL,AGG,rvr
GRA,RPV,N,CSL,SEG,mvr
GRA,RPV,N,CSL,CPN,řvr
GRA,RPV,N,CSL,COH,rpţ
GRA,RPV,N,CSL,CST,rkţ
GRA,RPV,N,CSL,MLT,mpř
GRA,RPV,N,ASO,UNI,dhr
GRA,RPV,N,ASO,DUP,ddhr
GRA,RPV,N,ASO,DCT,ldhr
GRA,RPV,N,ASO,AGG,rdhr
GRA,RPV,N,ASO,SEG,ndhr
GRA,RPV,N,ASO,CPN,řdhr
GRA,RPV,N,ASO,COH,cr
GRA,RPV,N,ASO,CST,čr
GRA,RPV,N,ASO,MLT,ntř
GRA,RPV,N,VAR,UNI,šv
GRA,RPV,N,VAR,DUP,šř
GRA,RPV,N,VAR,DCT,kšw
GRA,RPV,N,VAR,AGG,šxw
GRA,RPV,N,VAR,SEG,lšř
GRA,RPV,N,VAR,CPN,ršř
GRA,RPV,N,VAR,COH,fšw
GRA,RPV,N,VAR,CST,řšř
GRA,RPV,N,VAR,MLT,bžw
GRA,RPV,N,COA,UNI,žv
GRA,RPV,N,COA,DUP,žř
GRA,RPV,N,COA,DCT,pšw
GRA,RPV,N,COA,AGG,šxhw
GRA,RPV,N,COA,SEG,lžř
GRA,RPV,N,COA,CPN,ržř
GRA,RPV,N,COA,COH,šfw
GRA,RPV,N,COA,CST,řžř
GRA,RPV,N,COA,MLT,gžw
GRA,RPV,A,CSL,UNI,tm
GRA,RPV,A,CSL,DUP,ţm
GRA,RPV,A,CSL,DCT,ţn
GRA,RPV,A,CSL,AGG,tn
GRA,RPV,A,CSL,SEG,rsm
GRA,RPV,A,CSL,CPN,rsn
GRA,RPV,A,CSL,COH,sň
GRA,RPV,A,CSL,CST,rsň
GRA,RPV,A,CSL,MLT,nm
GRA,RPV,A,ASO,UNI,km
GRA,RPV,A,ASO,DUP,xm
GRA,RPV,A,ASO,DCT,xn
GRA,RPV,A,ASO,AGG,kn
GRA,RPV,A,ASO,SEG,rzm
GRA,RPV,A,ASO,CPN,rzn
GRA,RPV,A,ASO,COH,zň
GRA,RPV,A,ASO,CST,rzň
GRA,RPV,A,ASO,MLT,ňm
GRA,RPV,A,VAR,UNI,pm
GRA,RPV,A,VAR,DUP,fm
GRA,RPV,A,VAR,DCT,fn
GRA,RPV,A,VAR,AGG,pn
GRA,RPV,A,VAR,SEG,ršm
GRA,RPV,A,VAR,CPN,ršn
GRA,RPV,A,VAR,COH,šň
GRA,RPV,A,VAR,CST,ršň
GRA,RPV,A,VAR,MLT,mn
GRA,RPV,A,COA,UNI,qm
GRA,RPV,A,COA,DUP,xhm
GRA,RPV,A,COA,DCT,xhn
GRA,RPV,A,COA,AGG,qn
GRA,RPV,A,COA,SEG,ržm
GRA,RPV,A,COA,CPN,ržn
GRA,RPV,A,COA,COH,žň
GRA,RPV,A,COA,CST,ržň
GRA,RPV,A,COA,MLT,ňn
